<font>
  <info face="font" size="200" bold="0" italic="0" charset="" unicode="" stretchH="100" smooth="1" aa="1" padding="2,2,2,2" spacing="0,0" outline="0"/>
  <common lineHeight="234" base="145" scaleW="1467" scaleH="467" pages="1" packed="0"/>
  <pages>
    <page id="0" file="font.png"/>
  </pages>
  <chars count="36">
    <char id="65" x="2" y="2" width="137" height="143" xoffset="0" yoffset="2" xadvance="136" page="0" chnl="15"/>
    <char id="66" x="2" y="147" width="111" height="143" xoffset="11" yoffset="2" xadvance="129" page="0" chnl="15"/>
    <char id="67" x="2" y="292" width="120" height="147" xoffset="7" yoffset="0" xadvance="131" page="0" chnl="15"/>
    <char id="68" x="115" y="147" width="112" height="143" xoffset="11" yoffset="2" xadvance="129" page="0" chnl="15"/>
    <char id="69" x="141" y="2" width="98" height="143" xoffset="11" yoffset="2" xadvance="112" page="0" chnl="15"/>
    <char id="70" x="124" y="292" width="95" height="143" xoffset="11" yoffset="2" xadvance="109" page="0" chnl="15"/>
    <char id="71" x="221" y="292" width="119" height="147" xoffset="8" yoffset="0" xadvance="136" page="0" chnl="15"/>
    <char id="72" x="229" y="147" width="119" height="143" xoffset="11" yoffset="2" xadvance="141" page="0" chnl="15"/>
    <char id="73" x="241" y="2" width="35" height="143" xoffset="13" yoffset="2" xadvance="60" page="0" chnl="15"/>
    <char id="74" x="342" y="292" width="98" height="144" xoffset="4" yoffset="2" xadvance="112" page="0" chnl="15"/>
    <char id="75" x="278" y="2" width="120" height="143" xoffset="11" yoffset="2" xadvance="128" page="0" chnl="15"/>
    <char id="76" x="350" y="147" width="94" height="143" xoffset="11" yoffset="2" xadvance="108" page="0" chnl="15"/>
    <char id="77" x="400" y="2" width="154" height="143" xoffset="11" yoffset="2" xadvance="175" page="0" chnl="15"/>
    <char id="78" x="442" y="292" width="119" height="143" xoffset="11" yoffset="2" xadvance="140" page="0" chnl="15"/>
    <char id="79" x="556" y="2" width="125" height="146" xoffset="7" yoffset="0" xadvance="138" page="0" chnl="15"/>
    <char id="80" x="563" y="150" width="112" height="143" xoffset="11" yoffset="2" xadvance="130" page="0" chnl="15"/>
    <char id="81" x="563" y="295" width="125" height="170" xoffset="7" yoffset="0" xadvance="138" page="0" chnl="15"/>
    <char id="82" x="677" y="150" width="115" height="143" xoffset="11" yoffset="2" xadvance="130" page="0" chnl="15"/>
    <char id="83" x="683" y="2" width="112" height="146" xoffset="6" yoffset="0" xadvance="125" page="0" chnl="15"/>
    <char id="84" x="690" y="295" width="119" height="143" xoffset="4" yoffset="2" xadvance="126" page="0" chnl="15"/>
    <char id="85" x="797" y="2" width="112" height="144" xoffset="10" yoffset="2" xadvance="133" page="0" chnl="15"/>
    <char id="86" x="794" y="150" width="133" height="143" xoffset="0" yoffset="2" xadvance="132" page="0" chnl="15"/>
    <char id="87" x="911" y="2" width="169" height="143" xoffset="2" yoffset="2" xadvance="174" page="0" chnl="15"/>
    <char id="88" x="811" y="295" width="127" height="143" xoffset="0" yoffset="2" xadvance="128" page="0" chnl="15"/>
    <char id="89" x="929" y="147" width="127" height="143" xoffset="0" yoffset="2" xadvance="126" page="0" chnl="15"/>
    <char id="90" x="940" y="292" width="111" height="143" xoffset="6" yoffset="2" xadvance="122" page="0" chnl="15"/>
    <char id="48" x="1053" y="292" width="99" height="146" xoffset="8" yoffset="0" xadvance="116" page="0" chnl="15"/>
    <char id="49" x="446" y="147" width="66" height="143" xoffset="16" yoffset="2" xadvance="116" page="0" chnl="15"/>
    <char id="50" x="1082" y="2" width="102" height="145" xoffset="6" yoffset="0" xadvance="116" page="0" chnl="15"/>
    <char id="51" x="1154" y="149" width="104" height="147" xoffset="5" yoffset="0" xadvance="116" page="0" chnl="15"/>
    <char id="52" x="1186" y="2" width="105" height="143" xoffset="6" yoffset="2" xadvance="116" page="0" chnl="15"/>
    <char id="53" x="1154" y="298" width="100" height="144" xoffset="8" yoffset="2" xadvance="116" page="0" chnl="15"/>
    <char id="54" x="1256" y="298" width="102" height="147" xoffset="8" yoffset="0" xadvance="116" page="0" chnl="15"/>
    <char id="55" x="1260" y="147" width="103" height="143" xoffset="5" yoffset="2" xadvance="116" page="0" chnl="15"/>
    <char id="56" x="1360" y="292" width="100" height="147" xoffset="8" yoffset="0" xadvance="116" page="0" chnl="15"/>
    <char id="57" x="1365" y="2" width="100" height="147" xoffset="8" yoffset="0" xadvance="116" page="0" chnl="15"/>
    <char id="32" x="0" y="0" width="0" height="0" xoffset="8" yoffset="0" xadvance="50" page="0" chnl="15"/>
  </chars>
</font>